feature,coefficient
bathrooms,521879.02774805186
area,519552.4163399873
airconditioning,365157.3938509102
stories,349251.438905573
prefarea,266656.35199330305
furnishingstatus_unfurnished,-192015.9179822125
parking,192005.95366748658
basement,187067.80321387853
hotwaterheating,149862.7029908479
mainroad,128498.62821471781
guestroom,88768.66768638381
furnishingstatus_semi-furnished,-62837.32186493137
bedrooms,57349.55941861833
